week,sentiment_mean,sentiment_std,subjectivity_mean,subjectivity_std,counting
2025-38,0.34605698692459574,0.6981831372914341,0.13807035271453152,0.8751938856864984,12.0
2025-39,-0.23035454974223443,0.7762456419813287,0.10785386105069823,0.9332965859559073,26.0
2025-40,-0.24764747351380928,0.5641472722315135,-0.4387355910284851,0.33073042862609425,5.0
2025-41,-1.310394421748785,1.0,1.2528228994519954,1.0,1.0
2025-42,0.07101390640813954,1.1884159318635394,-0.07721947665625122,0.844922275335593,39.0
2025-43,-0.05754707786421802,0.8561268690094828,0.14286903957849512,1.202167905984358,30.0
2025-44,0.19665504187339478,0.6632318917414464,-0.26777367547783043,0.5841282074746448,16.0
