topic,sentiment_mean,sentiment_std,subjectivity_mean,subjectivity_std,counting
Causes,0.026899376247663594,1.1059068420676745,0.6138570914086132,1.2062301844724674,19.0
Hazard,0.08325038112955505,0.9573590910027049,0.07428901459358496,0.9568724638908807,124.0
Impacts,-0.12146556989304307,0.9037541297650666,-0.06833792840609978,0.9344202852331419,174.0
Mitigation,0.4597812177009004,1.0840584907175606,-0.42298520389021554,0.3725981560705075,19.0
