topic,sentiment_mean,sentiment_std,subjectivity_mean,subjectivity_std,counting
Causes,0.04726946725491318,1.1122741883365026,0.6316803673613458,1.233133337282103,18.0
Hazard,0.07922323667479081,0.9536901194945285,0.05896767279732173,0.9464325704101498,107.0
Impacts,-0.11646031910757601,0.9006860136093698,-0.06884715164061178,0.9250193786287836,155.0
Mitigation,0.38882711388886987,1.0465168740015764,-0.3212962162198883,0.5960857577109631,19.0
