keyword,sentiment_mean,sentiment_std,subjectivity_mean,subjectivity_std,counting
'Orkan',0.2479493957698772,0.9194651005827387,-0.07758226924367713,0.7459803955041349,32.0
'Sturm Bäume',-0.002396128756448425,1.0092047406374671,-0.09860248433574524,0.7100611118507874,49.0
'Sturm Erwärmung',-0.24987929506017684,1.5568533176393449,0.6768130517805125,1.071870159734021,7.0
'Sturm Klimawandel',-0.12761200361764802,0.4534486247677143,1.625489463789946,1.4398608571967473,4.0
'Sturm Tote',-0.06392164623378042,0.8651804791856093,-0.04715733331655461,1.02474881885504,94.0
'Sturm Vorhersage',0.44692276491737176,1.0229700554893941,-0.3169822000379945,0.5365458623386787,19.0
'Sturm Windstärke',0.514958405417779,0.9227155258261464,-0.44341371830959914,0.6270816941757182,2.0
'Sturm',0.24450538488857734,1.072842603923204,0.013453907713054946,0.9885150318533009,10.0
'Tornado',-0.27496422640469087,0.8159188625021851,0.20685429216747306,1.032890731709887,40.0
