topic,sentiment_mean,sentiment_std,subjectivity_mean,subjectivity_std,counting
Hazard,0.209522572064287,0.6710159934515544,0.08247860988423227,0.7766431633476233,8.0
Impacts,-0.29186342941904947,0.7847272802058815,-0.1924500897298752,0.7817359599705714,6.0
