topic,sentiment_mean,sentiment_std,subjectivity_mean,subjectivity_std,counting
Causes,-0.03825062632141624,1.086497835937235,0.7715778392001967,1.202165300834655,21.0
Hazard,0.13412334093504433,0.937045036547038,-0.02141124179189136,0.9080883251065467,171.0
Impacts,-0.16311697018212842,0.9208132615085091,-0.007825286792800618,0.9872348937175551,214.0
Mitigation,0.48326527088569826,1.045063165941965,-0.4221457317529376,0.2440471243627919,25.0
