week,sentiment_mean,sentiment_std,subjectivity_mean,subjectivity_std,counting
2025-38,-0.23715980365119008,0.8572156234991329,0.2309401076758503,0.875595035770913,8.0
2025-39,0.13473277125008296,0.5981444028545754,0.4085285845514415,1.2168686168889518,5.0
2025-40,-0.42959407436110014,0.6406952617178935,-0.3333333333333333,0.2886751345948129,3.0
2025-42,0.2612396796042407,0.8788309276280383,-0.19875720850944642,0.6801871714247436,10.0
