week,sentiment_mean,sentiment_std,subjectivity_mean,subjectivity_std,counting
2025-38,-0.08209336364000618,0.8597752514344243,0.14433756729740643,0.927960727138337,7.0
2025-39,0.7071067811865477,1.0,,1.0,1.0
2025-40,-0.2580526652508332,0.6818909608470859,-0.3849001794597504,0.33333333333333326,3.0
2025-42,0.1889015866819982,0.6610194143128831,0.19245008972987523,0.8819171036881968,3.0
