keyword,sentiment_mean,sentiment_std,subjectivity_mean,subjectivity_std,counting
'Orkan',0.23925544820853492,0.9202969603387045,-0.08491734598197605,0.7381719422940564,32.0
'Sturm Bäume',-0.013275868899362803,0.9955577397651055,-0.10978319282942961,0.7047391739013029,49.0
'Sturm Erwärmung',-0.2578683376193171,1.5242559834263165,0.6437573548039918,1.0276177109419697,7.0
'Sturm Klimawandel',-0.13535769622585356,0.4644126046531527,1.57918736709057,1.3855761156896649,4.0
'Sturm Tote',-0.07074132020102003,0.86500615065376,-0.04560885007568061,1.0314176053189497,91.0
'Sturm Vorhersage',0.4314991198579698,1.0255887727694646,-0.3226875466184331,0.538411474057608,19.0
'Sturm Windstärke',0.514958405417779,0.9227155258261464,-0.44341371830959914,0.6270816941757182,2.0
'Sturm',0.23710305548482702,1.0662760024097944,0.009114243265110011,0.9913499188014264,10.0
'Tornado',-0.2538273552701333,0.8467327100882381,0.2593604107024815,1.057852216603994,36.0
