topic,sentiment_mean,sentiment_std,subjectivity_mean,subjectivity_std,counting
Causes,0.02096824771930501,1.1050421368493963,0.6094021307035599,1.2056060258500823,19.0
Hazard,0.07682092633406427,0.9461589131986607,0.07949854371918692,0.9596239216202714,120.0
Impacts,-0.11475177931340123,0.9105300078479073,-0.07144127291847883,0.9304850499761776,171.0
Mitigation,0.4558195676624038,1.0760269716507058,-0.42307690340895654,0.3721167345115791,19.0
