domain,sentiment_mean,sentiment_std,subjectivity_mean,subjectivity_std,counting
www.bild.de,-0.12916666666666665,0.04389855730355307,0.041666666666666664,0.07216878364870323,3.0
www.morgenpost.de,0.019444444444444445,0.14680233624137567,0.05555555555555555,0.09622504486493763,3.0
www.stern.de,-0.0630952380952381,0.25422172371230634,0.0,0.0,2.0
www.sueddeutsche.de,0.15,0.07071067811865477,0.0,0.0,2.0
www.tagesspiegel.de,-0.09583333333333333,0.1355287997274216,0.125,0.1767766952966369,2.0
orf.at,0.0,1.0,0.0,1.0,1.0
www.n-tv.de,0.0,1.0,0.0,1.0,1.0
