topic,sentiment_mean,sentiment_std,subjectivity_mean,subjectivity_std,counting
Causes,0.027439387509723374,1.0572251875397023,0.6926490292612152,1.1591439355147573,21.0
Hazard,0.10447327650644493,0.9385571317086051,0.015488546033731935,0.9301102393128409,134.0
Impacts,-0.1339232528078459,0.9162147674717704,-0.029237608212945087,0.9617750733090564,204.0
Mitigation,0.5378168197340225,1.0674700841183027,-0.4356664768485498,0.24822861303674765,22.0
