topic,sentiment_mean,sentiment_std,subjectivity_mean,subjectivity_std,counting
Causes,-0.21062888618259185,1.2392670324704238,1.0300223943613487,1.2462927604854928,11.0
Hazard,-0.016827506989009543,0.9049960930461218,0.05585059643617456,0.9215544130833137,79.0
Impacts,-0.04386836435109113,0.9131786443090022,-0.06074184571092,0.9298374262770903,148.0
Mitigation,0.43634964697593387,1.0331808083661618,-0.30730382995639455,0.5332239917229711,19.0
