week,sentiment_mean,sentiment_std,subjectivity_mean,subjectivity_std,counting
2025-38,0.45781929342978733,0.6032916957420156,0.06352915938361108,0.9125400214358673,12.0
2025-39,-0.25284899994994814,0.8668418324056134,-0.07355528425504997,0.7905436493500295,26.0
2025-40,0.1811160487534416,1.0946398107167155,0.09732634095026645,1.1557278570415428,8.0
2025-41,0.01633320687947918,0.4363639360265432,0.30302863853791495,0.8445044147014427,8.0
2025-42,0.14640094834393574,1.1445361329944943,-0.1126567749301846,0.7798547044968456,57.0
2025-43,-0.11861128465238789,1.0188111631027554,0.10577975771478292,1.0039129926563384,63.0
2025-44,-0.105342677298077,0.7853257731933474,0.028780812198699452,1.0878035585820078,71.0
2025-45,0.30110463930927595,0.8151691771386674,-0.1502767220482163,0.8612299212293479,22.0
