topic,sentiment_mean,sentiment_std,subjectivity_mean,subjectivity_std,counting
Causes,-0.21331901347623947,1.2093543477438131,0.9839137229082021,1.196779002377808,11.0
Hazard,-0.006452766231658887,0.9079269745744777,0.08431463222070837,0.9271624684156481,70.0
Impacts,-0.050628412245440006,0.9096638459341705,-0.06823146011117487,0.9272461735997244,140.0
Mitigation,0.4314991198579698,1.0255887727694646,-0.3226875466184331,0.538411474057608,19.0
