keyword,sentiment_mean,sentiment_std,subjectivity_mean,subjectivity_std,counting
'Orkan',0.15441625340036969,0.9314608637527093,0.29678130103834915,1.189100221786074,21.0
'Sturm Bäume',-0.2073724618472943,1.1642537946269547,-0.08590322878660114,0.6883330260656535,31.0
'Sturm Klimawandel',-0.09960034573909371,0.7034673695838528,2.656047338852911,1.8472431871151473,3.0
'Sturm Tote',-0.013870954656814129,0.8449779060757427,-0.26343891254849666,0.5618634487193604,45.0
'Sturm Vorhersage',0.20827628013602825,0.7054528599110108,-0.5402044499363392,0.2360355404457314,2.0
'Sturm Windstärke',0.3283619137330367,0.6588282365943452,-0.2041241452319315,0.28867513459481287,2.0
'Sturm',0.12918031875520813,1.0926181184671255,-0.13803497470994938,0.6777641135040018,10.0
'Tornado',0.10321092411910035,0.5591573952057312,0.23831373383366827,1.0084456735342733,15.0
