topic,sentiment_mean,sentiment_std,subjectivity_mean,subjectivity_std,counting
Causes,0.016241267158373134,1.0466323461234852,0.6364553192973703,1.1393969447273304,21.0
Hazard,0.08879147065096435,0.9552352208941179,0.040929712989152,0.9400821476607186,127.0
Impacts,-0.11991608960627013,0.9128494764135386,-0.05039067276320089,0.9516300851490049,184.0
Mitigation,0.4716452341710392,1.0865428787028897,-0.43641042034670113,0.3745112755572341,19.0
