week,sentiment_mean,sentiment_std,subjectivity_mean,subjectivity_std,counting
2025-38,0.5021502910901788,0.6218913790951434,0.04106657405465473,0.9078216330783409,12.0
2025-39,-0.2366972365185925,0.8644837911058428,-0.09541672885412547,0.7765834799211481,26.0
2025-40,0.1944697878267,1.0561897205591033,0.07368812728241729,1.1190672805865214,8.0
2025-41,0.015814053327944992,0.43666966349676656,0.29173889374232875,0.8437126645911575,8.0
2025-42,0.16166668644059484,1.1173699931711563,-0.13568315329257866,0.7558090635563741,57.0
2025-43,-0.09895773727539439,1.032912430582581,0.0753577720630615,0.9829612501471496,63.0
2025-44,-0.11482023854507978,0.797301758024241,0.008973570592592536,1.0799790319564198,69.0
2025-45,0.3549684886070199,0.5583797733610891,0.22016370037593988,1.0948451492928646,11.0
