topic,sentiment_mean,sentiment_std,subjectivity_mean,subjectivity_std,counting
Causes,0.026294313576805145,1.061278643920618,0.6971313036934178,1.1654612046579724,21.0
Hazard,0.10775702881167881,0.9378696059067031,0.019096676461953965,0.9295547445146262,136.0
Impacts,-0.13485102030383436,0.9143670759429551,-0.03223550804324458,0.9598929799027079,207.0
Mitigation,0.5400851556895947,1.0690899847360185,-0.4335861544755532,0.24740542170397742,22.0
