week,sentiment_mean,sentiment_std,subjectivity_mean,subjectivity_std,counting
2025-38,0.4973580454396918,0.6224179212126371,0.039712304459886306,0.9085868236179986,12.0
2025-39,-0.2420935979499301,0.8480885474674446,-0.10175515982153077,0.7793105728384588,26.0
2025-40,0.18803355741794764,1.0545181101884578,0.06732017643802009,1.1237187537817102,8.0
2025-41,0.015814053327944992,0.43666966349676656,0.29173889374232875,0.8437126645911575,8.0
2025-42,0.14945806987669233,1.1134066094838175,-0.1446557547058936,0.7433184468032354,57.0
2025-43,-0.10663072814680012,1.0320289355069843,0.06966093286488383,0.9787919939382547,63.0
2025-44,-0.09754832228697868,0.8036717307060107,0.02711214599693599,1.0940492040907301,66.0
2025-45,0.40155046100056174,0.5621713844889599,0.236307461030656,1.1397115801501714,10.0
