topic,sentiment_mean,sentiment_std,subjectivity_mean,subjectivity_std,counting
Causes,0.0202652400590765,1.0528266364389374,0.6533242050157236,1.127499605596509,21.0
Hazard,0.09667848724034508,0.9406622840694044,0.013821607832521536,0.9255733757511238,130.0
Impacts,-0.13101912534222301,0.915575909060955,-0.02645389964205806,0.9700189326288997,192.0
Mitigation,0.5395615666267328,1.1167046559603302,-0.46918300558619536,0.2429036587930536,20.0
