topic,sentiment_mean,sentiment_std,subjectivity_mean,subjectivity_std,counting
Causes,-0.07741922755197986,1.253263321705722,0.8774964670887127,1.2253495068473896,13.0
Hazard,0.01673209104476115,0.8964809512511965,0.06941062197943756,0.9561297315022877,99.0
Impacts,-0.07046079122303159,0.9247636553902032,-0.07636641995668245,0.915284368440147,148.0
Mitigation,0.42217512579310923,1.042862743109381,-0.32172595385458,0.5369473634192004,19.0
