topic,sentiment_mean,sentiment_std,subjectivity_mean,subjectivity_std,counting
Causes,-0.20541846180834816,1.2327876224791463,1.0217862925112156,1.241124793645714,11.0
Hazard,-0.02749015649616223,0.895104661852959,0.06825060141816074,0.9177783057680389,74.0
Impacts,-0.04283947590937995,0.9139899139960602,-0.06490953331613447,0.9259690427719632,143.0
Mitigation,0.44692276491737176,1.0229700554893941,-0.3169822000379945,0.5365458623386787,19.0
