topic,sentiment_mean,sentiment_std,subjectivity_mean,subjectivity_std,counting
Hazard,0.08204365229466942,0.6578161074718191,0.3291081422969958,0.9904355572790414,25.0
Impacts,-0.08576148852144547,0.880919875833118,-0.24332024197432622,0.6254202684661911,18.0
Mitigation,-1.0273036001478408,1.0,-0.4659020211925169,1.0,1.0
