keyword,sentiment_mean,sentiment_std,subjectivity_mean,subjectivity_std,counting
'Orkan',0.7071067811865477,1.0,,1.0,1.0
'Sturm Tote',-0.29186342941904947,0.7847272802058815,-0.1924500897298752,0.7817359599705714,6.0
'Sturm',0.06622661785325218,1.404878717372541,0.28867513459481287,1.224744871391589,2.0
'Tornado',0.16732411192424884,0.46919931196743025,0.0,0.7071067811865475,5.0
