topic,sentiment_mean,sentiment_std,subjectivity_mean,subjectivity_std,counting
Causes,-0.0014360333175430658,1.082371901446313,0.7853299856867464,1.2117450266144432,22.0
Hazard,0.12396904945592235,0.9498486768184604,-0.03345019009576712,0.9041718245808222,182.0
Impacts,-0.1621107715050401,0.9124259634769564,0.001511441593998366,0.9923073111427424,215.0
Mitigation,0.4793580518278959,1.0567590298829301,-0.41859597821889294,0.24397238082758574,25.0
