keyword,sentiment_mean,sentiment_std,subjectivity_mean,subjectivity_std,counting
'Orkan',0.22858733119679514,0.8339280067610761,0.4504167748310092,1.3386414563581452,19.0
'Sturm Bäume',-0.08916521582068386,1.1730805382119402,-0.15253272978307555,0.6910336242246231,25.0
'Sturm Tote',-0.09767842898294878,0.7864758611932183,-0.15990244997389783,0.8001915798820346,27.0
'Sturm Vorhersage',-0.23506054540466711,1.0,-0.3303810644659384,1.0,1.0
'Sturm Windstärke',-0.013449873639066946,0.1754333711137277,0.0,1.0,2.0
'Sturm',0.14658143210848867,1.0906968189053117,-0.1466384639236772,0.6830740760469102,10.0
'Tornado',-0.02828371805818496,0.47806767852472526,0.29145774954656334,1.0040107396891853,11.0
