topic,sentiment_mean,sentiment_std,subjectivity_mean,subjectivity_std,counting
Causes,-0.09960034573909371,0.7034673695838528,2.656047338852911,1.8472431871151473,3.0
Hazard,0.14335865817527213,0.775622453642888,0.2451624616748118,1.077846467017237,38.0
Impacts,-0.09279920101082578,0.9850031277425229,-0.1898884149899971,0.6188987260786936,76.0
Mitigation,0.20827628013602825,0.7054528599110108,-0.5402044499363392,0.2360355404457314,2.0
