topic,sentiment_mean,sentiment_std,subjectivity_mean,subjectivity_std,counting
Causes,-0.12531995415199437,1.1591373430141672,0.8901400511173492,1.248746114800619,13.0
Hazard,0.0673068652836658,0.9554529842709228,0.04894075117448478,0.9472853866016671,102.0
Impacts,-0.09400014450562189,0.8968020275619101,-0.06245336121200414,0.9224872932941928,152.0
Mitigation,0.39422227483322664,1.046592539359019,-0.32469770918426144,0.5389178872193532,19.0
