topic,sentiment_mean,sentiment_std,subjectivity_mean,subjectivity_std,counting
Causes,0.025080330145232026,1.0699610446385206,0.7125410608301112,1.1740492571131336,21.0
Hazard,0.0987203477322456,0.9369576299938976,-0.002013450863424017,0.923538595402089,147.0
Impacts,-0.13539451643312245,0.9183213524123761,-0.02148568237686841,0.9685053865064659,207.0
Mitigation,0.5470094383844679,1.082366514940613,-0.4238152455375132,0.2511590663585816,22.0
