topic,sentiment_mean,sentiment_std,subjectivity_mean,subjectivity_std,counting
Causes,-0.02029332568766339,1.0985383633888046,0.7537118285264549,1.1881284162084707,21.0
Hazard,0.10963846315965421,0.9328240201191239,-0.008579177287176812,0.9182993495437706,160.0
Impacts,-0.14768222490001542,0.9214169375097631,-0.01835786921990052,0.9784852808063301,212.0
Mitigation,0.5451814509875003,1.0561267766796094,-0.42326359893343973,0.24951660123958427,24.0
