topic,sentiment_mean,sentiment_std,subjectivity_mean,subjectivity_std,counting
Causes,-0.02029332568766339,1.0985383633888046,0.7537118285264549,1.1881284162084707,21.0
Hazard,0.10639559125852482,0.9325833165175311,-0.010197204811372295,0.9179782563796585,162.0
Impacts,-0.1456121166214463,0.9228307211878457,-0.01721797329946478,0.9797349576430686,213.0
Mitigation,0.5462202599503696,1.0563379699164337,-0.42251522964936217,0.24907048478891983,24.0
