topic,sentiment_mean,sentiment_std,subjectivity_mean,subjectivity_std,counting
Causes,-0.009888314029056048,1.0813867388084015,0.7337672937842621,1.166441465896438,21.0
Hazard,0.09963602542106871,0.930828405080517,-0.005430742749323663,0.9204957006697702,152.0
Impacts,-0.13556927622817413,0.9216717950755025,-0.022830910402140744,0.9710003211009185,207.0
Mitigation,0.5529918773689565,1.0886889103415602,-0.4178691026957044,0.2647953693699308,22.0
