topic,sentiment_mean,sentiment_std,subjectivity_mean,subjectivity_std,counting
Causes,-0.0314425635268846,1.0611613712796268,0.7690391306902712,1.2250802794603894,24.0
Hazard,0.13997361965596194,0.958141403289378,-0.041859391553764544,0.8984063692132062,208.0
Impacts,-0.17488591915847493,0.907555800716738,0.007546484329449161,1.0007986016141135,217.0
Mitigation,0.3909494725519452,1.0734108817521444,-0.4195064588472005,0.2502275961686542,26.0
