topic,sentiment_mean,sentiment_std,subjectivity_mean,subjectivity_std,counting
Causes,-0.01561559732125993,1.088920431562073,0.7486894952380659,1.1799539196253224,21.0
Hazard,0.10969678294451814,0.9317927665404663,-0.008075581252017586,0.9192868787746911,155.0
Impacts,-0.1415273087293901,0.9197430104044367,-0.022606580423258468,0.9709855887438245,210.0
Mitigation,0.5516736581314714,1.0927718127506811,-0.41396470386007794,0.2636471705013993,22.0
