topic,sentiment_mean,sentiment_std,subjectivity_mean,subjectivity_std,counting
Causes,0.028592426825939023,1.0777858614964984,0.6984397525576254,1.2416523410585618,20.0
Hazard,0.08436489735202356,0.960137764671453,0.07005223047504211,0.9565757635147307,125.0
Impacts,-0.12047715070916493,0.9064322392600732,-0.07797188448849426,0.9212626975753638,177.0
Mitigation,0.4548925688656411,1.0870221245880578,-0.42001226951934284,0.371988381441827,19.0
