week,sentiment_mean,sentiment_std,subjectivity_mean,subjectivity_std,counting
2025-39,0.2,1.0,0.0,1.0,1.0
2025-40,-0.2660533905932738,0.6237436867076458,-0.35355339059327373,0.49999999999999994,2.0
2025-42,0.15236892706218252,0.4964126963514118,0.2357022603955158,0.408248290463863,3.0
