topic,sentiment_mean,sentiment_std,subjectivity_mean,subjectivity_std,counting
Causes,0.0675115577123316,1.1197691555337936,0.6087341305116132,1.2664936671306473,18.0
Hazard,0.047926257260043625,0.9508110459418174,0.08419953208500285,0.955175416883585,115.0
Impacts,-0.10675374370601884,0.9001522283052887,-0.0769278959425837,0.9242184864976156,157.0
Mitigation,0.443958753497792,1.095822342089185,-0.4010953647490853,0.42261578523946514,19.0
