topic,sentiment_mean,sentiment_std,subjectivity_mean,subjectivity_std,counting
Causes,-0.012985110036648678,1.054821712981178,0.7439399309751679,1.2194136959992827,24.0
Hazard,0.1455967074610524,0.9557406575239996,-0.051384652353913915,0.8947358834528432,195.0
Impacts,-0.17962218979942907,0.908415714302134,0.013784768633614837,0.9999031345218832,217.0
Mitigation,0.46161372353078567,1.057684973550889,-0.41423055168601847,0.24242732147202578,25.0
