topic,sentiment_mean,sentiment_std,subjectivity_mean,subjectivity_std,counting
Causes,-0.07982027748920015,1.2574025866992131,0.8749895727772602,1.2337628784832877,13.0
Hazard,0.024003918164994493,0.8986646089696056,0.05577753097577684,0.9432077174482868,100.0
Impacts,-0.07437715130516624,0.9223995858818211,-0.06634840386474664,0.925394474479899,149.0
Mitigation,0.4181348374367739,1.0526184376758232,-0.32345447413448075,0.53772344880248,19.0
