topic,sentiment_mean,sentiment_std,subjectivity_mean,subjectivity_std,counting
Causes,0.008696913441780205,1.1119128669535472,0.6341928106633165,1.2415928535464436,19.0
Hazard,0.0487820386304829,0.9462550317145759,0.06606601349163647,0.9434306935810617,117.0
Impacts,-0.0983277027023193,0.9047060629377124,-0.06918997306442583,0.929916487133488,158.0
Mitigation,0.4346441959555296,1.0853190372480483,-0.4182680797063946,0.3713860725457384,19.0
