topic,sentiment_mean,sentiment_std,subjectivity_mean,subjectivity_std,counting
Causes,0.046462051732922546,1.118343550722392,0.6430876911267294,1.2423956006008323,18.0
Hazard,0.07473779125142242,0.952540419825833,0.05612007113298672,0.9494705177333487,109.0
Impacts,-0.11263276947227828,0.9025019419420798,-0.06876353493742951,0.9228135366086171,157.0
Mitigation,0.3893071031116984,1.0487373629733319,-0.31817604513327835,0.594996277685399,19.0
