keyword,sentiment_mean,sentiment_std,subjectivity_mean,subjectivity_std,counting
'Orkan',0.355450375470773,1.0204759678218411,-0.15003165731931542,0.6494202199353556,36.0
'Sturm Bäume',-0.028440940902623106,1.0342491631350097,-0.12653860236501488,0.7079182716979909,50.0
'Sturm Erwärmung',-0.3116160944907921,1.4520719356721226,0.6705794269327964,1.132204120262437,7.0
'Sturm Klimawandel',0.09202554290993627,0.7675593745822258,1.146294112665994,1.4345694683623293,6.0
'Sturm Tote',-0.1261370090168958,0.8247903802740177,-0.03072799430457309,1.0138251967497591,102.0
'Sturm Vorhersage',0.39422227483322664,1.046592539359019,-0.32469770918426144,0.5389178872193532,19.0
'Sturm Windstärke',0.5441484462445481,0.9639964774495874,-0.416080172562185,0.5884262230719798,2.0
'Sturm',0.20783245547319035,1.0955756840322979,0.02015441510317604,1.0432655672170037,10.0
'Tornado',-0.10967515860160958,0.8852968704043953,0.17228569093630272,1.0709548910386728,64.0
