keyword,sentiment_mean,sentiment_std,subjectivity_mean,subjectivity_std,counting
'Orkan',0.22339698659008864,0.9131077720046218,-0.06081624949759833,0.7487324400148053,32.0
'Sturm Bäume',0.009751938828547515,1.0333691354696468,-0.08870207061526546,0.7161795065588605,50.0
'Sturm Erwärmung',-0.2565899979631851,1.5645450646577423,0.6826552358784477,1.0703647554237152,7.0
'Sturm Klimawandel',-0.1301969405665536,0.45838705025921406,1.6379149217064257,1.453225297021599,4.0
'Sturm Tote',-0.07122566189172308,0.8497468443027812,-0.04632935864682439,1.025910553969751,98.0
'Sturm Vorhersage',0.43634964697593387,1.0331808083661618,-0.30730382995639455,0.5332239917229711,19.0
'Sturm Windstärke',0.5441484462445481,0.9639964774495874,-0.416080172562185,0.5884262230719798,2.0
'Sturm',0.2364832098225674,1.0888480178716886,0.019789789534695713,0.9847571831864781,10.0
'Tornado',-0.21258607812230415,0.8648024947233002,0.15719579114603408,1.0324220270629287,45.0
