topic,sentiment_mean,sentiment_std,subjectivity_mean,subjectivity_std,counting
Causes,-0.013596484989087517,1.0575809894585542,0.748082477169733,1.222687806988868,24.0
Hazard,0.13824180481787532,0.9538776362134965,-0.041647058960066256,0.9006517522362095,200.0
Impacts,-0.17598124510531604,0.9088207816318146,0.006462775433616085,0.9942771300963138,217.0
Mitigation,0.4697205720449429,1.0636177127547728,-0.42105935798588207,0.24917300859287755,25.0
