keyword,sentiment_mean,sentiment_std,subjectivity_mean,subjectivity_std,counting
'Orkan',0.13753840500541284,0.7477102401772048,0.3873372479457992,1.0420946310369659,14.0
'Sturm Bäume',-0.061416315684377845,0.9987866211185582,-0.40163768113193127,0.41157171361545714,10.0
'Sturm Tote',-0.11619295456778,0.7746731266157056,-0.03976924877169114,0.8161409935205921,8.0
'Sturm Vorhersage',-1.0273036001478408,1.0,-0.4659020211925169,1.0,1.0
'Sturm',0.12268635306115686,1.1697574262502966,-0.2163356206566287,0.7210420098177924,10.0
'Tornado',0.0114139670264505,0.549492628210697,0.23448584561769029,0.9615472662112697,11.0
