week,sentiment_mean,sentiment_std,subjectivity_mean,subjectivity_std,counting
2025-38,0.2103097256251698,0.8275737595693989,-0.0021098544802351667,0.7731787689657197,12.0
2025-39,0.13390634715546507,0.6384983274032993,0.2761275267033109,0.9084457263873549,15.0
2025-40,-0.3904321416645364,0.4066748585133277,-0.4427486783396134,0.3329486967768566,5.0
2025-41,-1.310394421748785,1.0,1.2528228994519954,1.0,1.0
2025-42,-0.026800587634195367,1.0050459977997799,-0.13307492997726716,0.8813069434795928,21.0
