keyword,sentiment_mean,sentiment_std,subjectivity_mean,subjectivity_std,counting
'Orkan',0.2479493957698772,0.9194651005827387,-0.07758226924367713,0.7459803955041348,32.0
'Sturm Bäume',-0.001084523627570794,1.0032402213859606,-0.1040317550623961,0.7053704593480528,49.0
'Sturm Erwärmung',-0.2548703587293966,1.5218581315911068,0.6475186588663375,1.0288406290753023,7.0
'Sturm Klimawandel',-0.12951029968659028,0.453261548695504,1.5918374861556122,1.3996610651988397,4.0
'Sturm Tote',-0.06576466544386224,0.8698373643915166,-0.04020166422405465,1.0353949771445794,91.0
'Sturm Vorhersage',0.4442919364924545,1.0211536577127054,-0.31883856987540704,0.5375865338861301,19.0
'Sturm Windstärke',0.514958405417779,0.9227155258261464,-0.44341371830959914,0.6270816941757182,2.0
'Sturm',0.24047027805845406,1.0703455382570164,0.009926805021971052,0.9909495541284629,10.0
'Tornado',-0.27385051149378903,0.8146017818392136,0.20457336121970976,1.0337140247960275,40.0
