topic,sentiment_mean,sentiment_std,subjectivity_mean,subjectivity_std,counting
Causes,0.010266162264701784,1.1128449083954441,0.6356199684779354,1.2401253831861336,19.0
Hazard,0.049141968017922276,0.9466173149820896,0.06887562228451512,0.9465926344321395,117.0
Impacts,-0.09816166347756204,0.9049000520399151,-0.07099280485172228,0.9278172048064413,159.0
Mitigation,0.4346441959555296,1.0853190372480483,-0.4182680797063946,0.3713860725457384,19.0
