topic,sentiment_mean,sentiment_std,subjectivity_mean,subjectivity_std,counting
Causes,-0.09282167994592612,1.0782182500083823,0.8729765205848009,1.2499652081129813,15.0
Hazard,0.0676680589084509,0.960176772614881,0.04196517645249415,0.9369355960463948,102.0
Impacts,-0.0956967818493075,0.8999288844143601,-0.06669879147714185,0.9206259805862638,152.0
Mitigation,0.3930305588439155,1.0493790935640444,-0.33309300995061253,0.5406422345903137,19.0
