keyword,sentiment_mean,sentiment_std,subjectivity_mean,subjectivity_std,counting
'Orkan',-0.05333552946301218,1.0754278291229418,1.9972508578070476,1.0,2.0
'Sturm Bäume',-0.20344446002814293,0.8966924850250421,-0.22696032475080094,0.6354889093022426,4.0
'Sturm Tote',-0.44726644843389235,0.75535823864759,0.01933756729740646,0.7989933042336754,7.0
'Sturm',0.5662751534796436,0.8207984774426417,-0.2270585084005492,0.6432363005079623,8.0
'Tornado',-0.0757774379522611,0.2500174854141567,0.08452994616207485,0.8363023936266292,5.0
