topic,sentiment_mean,sentiment_std,subjectivity_mean,subjectivity_std,counting
Hazard,0.12516058271315433,0.7033279794564992,0.38153321574674615,1.1941187932092046,32.0
Impacts,-0.09358553803955218,0.9812948912575962,-0.1562175898784867,0.7392634976339504,52.0
Mitigation,-0.23506054540466711,1.0,-0.3303810644659384,1.0,1.0
