topic,sentiment_mean,sentiment_std,subjectivity_mean,subjectivity_std,counting
Causes,0.02045870363298235,1.049785246116777,0.6470414246511258,1.1248017503321517,21.0
Hazard,0.10388442209326101,0.9476472779226572,0.01917148869751684,0.9299718909410241,128.0
Impacts,-0.1285229690556981,0.918096785996157,-0.03331503790169926,0.9644165427801549,187.0
Mitigation,0.46588157896301713,1.081401689559297,-0.46449967586288043,0.2474134951981382,19.0
