topic,sentiment_mean,sentiment_std,subjectivity_mean,subjectivity_std,counting
Causes,-0.00782063867561277,1.0882354641406178,0.7410319486406018,1.1717869284446087,21.0
Hazard,0.10149455637235916,0.9330369407038162,-0.0025629437394861245,0.9229788662494726,152.0
Impacts,-0.13568973070268553,0.9194560306976736,-0.025617434003389783,0.9686743858338699,210.0
Mitigation,0.5570817334506343,1.0908726218243203,-0.4155921822248517,0.26420023646129503,22.0
