week,sentiment_mean,sentiment_std,subjectivity_mean,subjectivity_std,counting
2025-38,0.5057977267687108,0.6235084860605038,0.052118874562007866,0.9203339853810383,12.0
2025-39,-0.2354178850326412,0.8648975196517815,-0.08903525467912626,0.7749117354896069,26.0
2025-40,0.20583642471485725,1.0814930311631683,0.08973804669625217,1.1606054425261854,8.0
2025-41,0.015814053327944992,0.43666966349676656,0.29173889374232875,0.8437126645911575,8.0
2025-42,0.16106141065995674,1.1230869798312157,-0.13316379422751873,0.7542165903837507,57.0
2025-43,-0.09877043636076087,1.0359637139916686,0.08405373436549723,0.9911150083760387,63.0
2025-44,-0.11160699160966879,0.8046470520599593,0.01839476132528101,1.0812672665847078,69.0
2025-45,0.2526910454375671,0.5738758838174235,0.04752033654763003,1.0196864728459103,14.0
