week,sentiment_mean,sentiment_std,subjectivity_mean,subjectivity_std,counting
2025-38,0.44030348895187554,0.6271942941161357,0.22966428130612368,1.2213510131208214,12.0
2025-39,-0.12475867942616123,0.6670642573167507,0.15950405312254917,0.9201265085463939,25.0
2025-40,-0.27564233953880696,0.5229582683854287,-0.4028965245738042,0.3081632693747718,5.0
2025-41,-1.310394421748785,1.0,1.2528228994519954,1.0,1.0
2025-42,0.11213931537645395,1.1305654987858367,-0.026790741253118255,1.0196681495077435,36.0
2025-43,-0.19647747946459707,0.802434444537019,-0.2584393165412119,0.33871059083507193,16.0
