topic,sentiment_mean,sentiment_std,subjectivity_mean,subjectivity_std,counting
Hazard,0.2696428652766546,0.7383225535581025,0.0638839253702752,0.8950184303866606,15.0
Impacts,-0.358603907195438,0.7737502045215212,-0.10381137872669724,0.6811790896698356,11.0
