topic,sentiment_mean,sentiment_std,subjectivity_mean,subjectivity_std,counting
Causes,-0.00819247391997675,1.081423786768077,0.7790441074453879,1.2068881500829136,22.0
Hazard,0.13892274086012346,0.9319379628059405,-0.030669699480158262,0.9058541798284855,177.0
Impacts,-0.17188512721300106,0.9228907553931293,-0.00109185299781922,0.9923896073862798,214.0
Mitigation,0.4805114280175731,1.0560451184592388,-0.41784838014447134,0.24354297839178682,25.0
