keyword,sentiment_mean,sentiment_std,subjectivity_mean,subjectivity_std,counting
'Orkan',0.2214456158186962,0.8973555869405561,-0.10878768901786715,0.6922078009262724,33.0
'Sturm Bäume',-0.01600142728218385,1.054749158814515,-0.10697248074414464,0.7238100275647218,50.0
'Sturm Erwärmung',-0.2823077420348855,1.5598270054115329,0.666349491487302,1.1068050574559924,7.0
'Sturm Klimawandel',0.16161737267807683,0.8500564240638753,1.1238346052903583,1.4136121228100331,6.0
'Sturm Tote',-0.09824618098877021,0.8554034788797109,-0.060590099963145225,1.0029576751608362,98.0
'Sturm Vorhersage',0.42217512579310923,1.042862743109381,-0.32172595385458,0.5369473634192004,19.0
'Sturm Windstärke',0.5441484462445481,0.9639964774495874,-0.416080172562185,0.5884262230719798,2.0
'Sturm',0.22735093223506503,1.1075297232092252,0.024562849739786306,1.040866147774305,10.0
'Tornado',-0.10530508126679247,0.8834529507580419,0.17368136480751561,1.0637797543706597,64.0
