keyword,sentiment_mean,sentiment_std,subjectivity_mean,subjectivity_std,counting
'Orkan',0.24093506437019171,0.8955183546224899,-0.12974479032217479,0.6588007648629252,34.0
'Sturm Bäume',-0.018798115243716378,1.0559879389351146,-0.11536969793337053,0.7230093711530908,50.0
'Sturm Erwärmung',-0.28481885216780584,1.564989710728061,0.6587437663438911,1.1182593249974297,7.0
'Sturm Klimawandel',0.15934472630250648,0.8532535506837734,1.1272763469495242,1.418012632953921,6.0
'Sturm Tote',-0.10244737153822173,0.8514611351030946,-0.04133753954402015,1.015794507037456,99.0
'Sturm Vorhersage',0.4181348374367739,1.0526184376758232,-0.32345447413448075,0.53772344880248,19.0
'Sturm Windstärke',0.5441484462445481,0.9639964774495874,-0.416080172562185,0.5884262230719798,2.0
'Sturm',0.22915720906978826,1.1094659432484497,0.018502543449801057,1.0442169539922883,10.0
'Tornado',-0.10749526975900257,0.8847084214603058,0.16618303113059446,1.058515969117335,64.0
