topic,sentiment_mean,sentiment_std,subjectivity_mean,subjectivity_std,counting
Causes,-0.2092848827138307,1.206343786674057,0.9909073233351648,1.2040809856096253,11.0
Hazard,-0.0268881484362153,0.8942948699579897,0.06700077624130414,0.9180896773637846,74.0
Impacts,-0.04312661580816023,0.9156526311388443,-0.06270291926778652,0.9302615649935018,140.0
Mitigation,0.4442919364924545,1.0211536577127054,-0.31883856987540704,0.5375865338861301,19.0
